,track_id
206,0G5KlXqssFee9PDQYJ8PqL
864,2dkCED8COm91KyrDgvslOq
906,08HHIRu8RQGuEXOw3NjO6I
995,7Fyen114lGc2YJJBN8LHXv
1187,0tpFIosXHWmkKKONpRXCeO
1198,0FElEabaWl7HCWLQw3M1Tt
1220,4DkZDzcHicZBXCEdA19oWs
1248,639XWB2zVMPg8CuIToqxch
1321,444UIyq10heFY8SPc3CCD9
1324,2Priq7Nl29mtteqv6d7EDS
1342,0tJLIwNh6YuAq96DKpV2rz
3516,7mbIZ1EJ5rEJO21KFzNPit
3836,2fvmEuEwISvAN0Rg10yjpe
4009,4sFzG7iUlyPmuyASCkre9A
4190,3hNywmR93yvj68y2zl8mRt
4200,0wcN45fKhDGWAd0GrWjdYM
5236,0NQNJDRlvB1x4NzbapbcIg
5742,0a71qiukwlLqWaCnU7cvgc
5843,0lh5lqLvhqQyarqtL6rD8h
